1;1sadfasdfAWSEFDSFSDF时发生的访问俄方士大夫士大夫士大夫士大夫稍等士大夫公司的分公司的发俄方扼杀的乳房而发扼杀染发二;1sadfasdfAWSEFDSFSDF时发生的访问俄方士大夫士大夫士大夫士大夫稍等士大夫公司的分公司的发俄方扼杀的乳房而发扼杀染发二;1;1;1;1;1;1;1;1;1;1;1;1;1;1;1
2;2sadfasdfAWSEFDSFSDF时发生的访问俄方士大夫士大夫士大夫士大夫稍等士大夫公司的分公司的发俄方扼杀的乳房而发扼杀染发二;2sadfasdfAWSEFDSFSDF时发生的访问俄方士大夫士大夫士大夫士大夫稍等士大夫公司的分公司的发俄方扼杀的乳房而发扼杀染发二;2;2;2;2;2;2;2;2;2;2;2;2;2;2;2
3;3sadfasdfAWSEFDSFSDF时发生的访问俄方士大夫士大夫士大夫士大夫稍等士大夫公司的分公司的发俄方扼杀的乳房而发扼杀染发二;3sadfasdfAWSEFDSFSDF时发生的访问俄方士大夫士大夫士大夫士大夫稍等士大夫公司的分公司的发俄方扼杀的乳房而发扼杀染发二;3;3;3;3;3;3;3;3;3;3;3;3;3;3;3
4;4sadfasdfAWSEFDSFSDF时发生的访问俄方士大夫士大夫士大夫士大夫稍等士大夫公司的分公司的发俄方扼杀的乳房而发扼杀染发二;4sadfasdfAWSEFDSFSDF时发生的访问俄方士大夫士大夫士大夫士大夫稍等士大夫公司的分公司的发俄方扼杀的乳房而发扼杀染发二;4;4;4;4;4;4;4;4;4;4;4;4;4;4;4
5;5sadfasdfAWSEFDSFSDF时发生的访问俄方士大夫士大夫士大夫士大夫稍等士大夫公司的分公司的发俄方扼杀的乳房而发扼杀染发二;5sadfasdfAWSEFDSFSDF时发生的访问俄方士大夫士大夫士大夫士大夫稍等士大夫公司的分公司的发俄方扼杀的乳房而发扼杀染发二;5;5;5;5;5;5;5;5;5;5;5;5;5;5;5
6;6sadfasdfAWSEFDSFSDF时发生的访问俄方士大夫士大夫士大夫士大夫稍等士大夫公司的分公司的发俄方扼杀的乳房而发扼杀染发二;6sadfasdfAWSEFDSFSDF时发生的访问俄方士大夫士大夫士大夫士大夫稍等士大夫公司的分公司的发俄方扼杀的乳房而发扼杀染发二;6;6;6;6;6;6;6;6;6;6;6;6;6;6;6
7;7sadfasdfAWSEFDSFSDF时发生的访问俄方士大夫士大夫士大夫士大夫稍等士大夫公司的分公司的发俄方扼杀的乳房而发扼杀染发二;7sadfasdfAWSEFDSFSDF时发生的访问俄方士大夫士大夫士大夫士大夫稍等士大夫公司的分公司的发俄方扼杀的乳房而发扼杀染发二;7;7;7;7;7;7;7;7;7;7;7;7;7;7;7
8;8sadfasdfAWSEFDSFSDF时发生的访问俄方士大夫士大夫士大夫士大夫稍等士大夫公司的分公司的发俄方扼杀的乳房而发扼杀染发二;8sadfasdfAWSEFDSFSDF时发生的访问俄方士大夫士大夫士大夫士大夫稍等士大夫公司的分公司的发俄方扼杀的乳房而发扼杀染发二;8;8;8;8;8;8;8;8;8;8;8;8;8;8;8
9;9sadfasdfAWSEFDSFSDF时发生的访问俄方士大夫士大夫士大夫士大夫稍等士大夫公司的分公司的发俄方扼杀的乳房而发扼杀染发二;9sadfasdfAWSEFDSFSDF时发生的访问俄方士大夫士大夫士大夫士大夫稍等士大夫公司的分公司的发俄方扼杀的乳房而发扼杀染发二;9;9;9;9;9;9;9;9;9;9;9;9;9;9;9
10;10sadfasdfAWSEFDSFSDF时发生的访问俄方士大夫士大夫士大夫士大夫稍等士大夫公司的分公司的发俄方扼杀的乳房而发扼杀染发二;10sadfasdfAWSEFDSFSDF时发生的访问俄方士大夫士大夫士大夫士大夫稍等士大夫公司的分公司的发俄方扼杀的乳房而发扼杀染发二;10;10;10;10;10;10;10;10;10;10;10;10;10;10;10
11;11sadfasdfAWSEFDSFSDF时发生的访问俄方士大夫士大夫士大夫士大夫稍等士大夫公司的分公司的发俄方扼杀的乳房而发扼杀染发二;11sadfasdfAWSEFDSFSDF时发生的访问俄方士大夫士大夫士大夫士大夫稍等士大夫公司的分公司的发俄方扼杀的乳房而发扼杀染发二;11;11;11;11;11;11;11;11;11;11;11;11;11;11;11
12;12sadfasdfAWSEFDSFSDF时发生的访问俄方士大夫士大夫士大夫士大夫稍等士大夫公司的分公司的发俄方扼杀的乳房而发扼杀染发二;12sadfasdfAWSEFDSFSDF时发生的访问俄方士大夫士大夫士大夫士大夫稍等士大夫公司的分公司的发俄方扼杀的乳房而发扼杀染发二;12;12;12;12;12;12;12;12;12;12;12;12;12;12;12
13;13sadfasdfAWSEFDSFSDF时发生的访问俄方士大夫士大夫士大夫士大夫稍等士大夫公司的分公司的发俄方扼杀的乳房而发扼杀染发二;13sadfasdfAWSEFDSFSDF时发生的访问俄方士大夫士大夫士大夫士大夫稍等士大夫公司的分公司的发俄方扼杀的乳房而发扼杀染发二;13;13;13;13;13;13;13;13;13;13;13;13;13;13;13
14;14sadfasdfAWSEFDSFSDF时发生的访问俄方士大夫士大夫士大夫士大夫稍等士大夫公司的分公司的发俄方扼杀的乳房而发扼杀染发二;14sadfasdfAWSEFDSFSDF时发生的访问俄方士大夫士大夫士大夫士大夫稍等士大夫公司的分公司的发俄方扼杀的乳房而发扼杀染发二;14;14;14;14;14;14;14;14;14;14;14;14;14;14;14
15;15sadfasdfAWSEFDSFSDF时发生的访问俄方士大夫士大夫士大夫士大夫稍等士大夫公司的分公司的发俄方扼杀的乳房而发扼杀染发二;15sadfasdfAWSEFDSFSDF时发生的访问俄方士大夫士大夫士大夫士大夫稍等士大夫公司的分公司的发俄方扼杀的乳房而发扼杀染发二;15;15;15;15;15;15;15;15;15;15;15;15;15;15;15
16;16sadfasdfAWSEFDSFSDF时发生的访问俄方士大夫士大夫士大夫士大夫稍等士大夫公司的分公司的发俄方扼杀的乳房而发扼杀染发二;16sadfasdfAWSEFDSFSDF时发生的访问俄方士大夫士大夫士大夫士大夫稍等士大夫公司的分公司的发俄方扼杀的乳房而发扼杀染发二;16;16;16;16;16;16;16;16;16;16;16;16;16;16;16
17;17sadfasdfAWSEFDSFSDF时发生的访问俄方士大夫士大夫士大夫士大夫稍等士大夫公司的分公司的发俄方扼杀的乳房而发扼杀染发二;17sadfasdfAWSEFDSFSDF时发生的访问俄方士大夫士大夫士大夫士大夫稍等士大夫公司的分公司的发俄方扼杀的乳房而发扼杀染发二;17;17;17;17;17;17;17;17;17;17;17;17;17;17;17
18;18sadfasdfAWSEFDSFSDF时发生的访问俄方士大夫士大夫士大夫士大夫稍等士大夫公司的分公司的发俄方扼杀的乳房而发扼杀染发二;18sadfasdfAWSEFDSFSDF时发生的访问俄方士大夫士大夫士大夫士大夫稍等士大夫公司的分公司的发俄方扼杀的乳房而发扼杀染发二;18;18;18;18;18;18;18;18;18;18;18;18;18;18;18
19;19sadfasdfAWSEFDSFSDF时发生的访问俄方士大夫士大夫士大夫士大夫稍等士大夫公司的分公司的发俄方扼杀的乳房而发扼杀染发二;19sadfasdfAWSEFDSFSDF时发生的访问俄方士大夫士大夫士大夫士大夫稍等士大夫公司的分公司的发俄方扼杀的乳房而发扼杀染发二;19;19;19;19;19;19;19;19;19;19;19;19;19;19;19
20;20sadfasdfAWSEFDSFSDF时发生的访问俄方士大夫士大夫士大夫士大夫稍等士大夫公司的分公司的发俄方扼杀的乳房而发扼杀染发二;20sadfasdfAWSEFDSFSDF时发生的访问俄方士大夫士大夫士大夫士大夫稍等士大夫公司的分公司的发俄方扼杀的乳房而发扼杀染发二;20;20;20;20;20;20;20;20;20;20;20;20;20;20;20
21;21sadfasdfAWSEFDSFSDF时发生的访问俄方士大夫士大夫士大夫士大夫稍等士大夫公司的分公司的发俄方扼杀的乳房而发扼杀染发二;21sadfasdfAWSEFDSFSDF时发生的访问俄方士大夫士大夫士大夫士大夫稍等士大夫公司的分公司的发俄方扼杀的乳房而发扼杀染发二;21;21;21;21;21;21;21;21;21;21;21;21;21;21;21
22;22sadfasdfAWSEFDSFSDF时发生的访问俄方士大夫士大夫士大夫士大夫稍等士大夫公司的分公司的发俄方扼杀的乳房而发扼杀染发二;22sadfasdfAWSEFDSFSDF时发生的访问俄方士大夫士大夫士大夫士大夫稍等士大夫公司的分公司的发俄方扼杀的乳房而发扼杀染发二;22;22;22;22;22;22;22;22;22;22;22;22;22;22;22
23;23sadfasdfAWSEFDSFSDF时发生的访问俄方士大夫士大夫士大夫士大夫稍等士大夫公司的分公司的发俄方扼杀的乳房而发扼杀染发二;23sadfasdfAWSEFDSFSDF时发生的访问俄方士大夫士大夫士大夫士大夫稍等士大夫公司的分公司的发俄方扼杀的乳房而发扼杀染发二;23;23;23;23;23;23;23;23;23;23;23;23;23;23;23
24;24sadfasdfAWSEFDSFSDF时发生的访问俄方士大夫士大夫士大夫士大夫稍等士大夫公司的分公司的发俄方扼杀的乳房而发扼杀染发二;24sadfasdfAWSEFDSFSDF时发生的访问俄方士大夫士大夫士大夫士大夫稍等士大夫公司的分公司的发俄方扼杀的乳房而发扼杀染发二;24;24;24;24;24;24;24;24;24;24;24;24;24;24;24
25;25sadfasdfAWSEFDSFSDF时发生的访问俄方士大夫士大夫士大夫士大夫稍等士大夫公司的分公司的发俄方扼杀的乳房而发扼杀染发二;25sadfasdfAWSEFDSFSDF时发生的访问俄方士大夫士大夫士大夫士大夫稍等士大夫公司的分公司的发俄方扼杀的乳房而发扼杀染发二;25;25;25;25;25;25;25;25;25;25;25;25;25;25;25
26;26sadfasdfAWSEFDSFSDF时发生的访问俄方士大夫士大夫士大夫士大夫稍等士大夫公司的分公司的发俄方扼杀的乳房而发扼杀染发二;26sadfasdfAWSEFDSFSDF时发生的访问俄方士大夫士大夫士大夫士大夫稍等士大夫公司的分公司的发俄方扼杀的乳房而发扼杀染发二;26;26;26;26;26;26;26;26;26;26;26;26;26;26;26
27;27sadfasdfAWSEFDSFSDF时发生的访问俄方士大夫士大夫士大夫士大夫稍等士大夫公司的分公司的发俄方扼杀的乳房而发扼杀染发二;27sadfasdfAWSEFDSFSDF时发生的访问俄方士大夫士大夫士大夫士大夫稍等士大夫公司的分公司的发俄方扼杀的乳房而发扼杀染发二;27;27;27;27;27;27;27;27;27;27;27;27;27;27;27
28;28sadfasdfAWSEFDSFSDF时发生的访问俄方士大夫士大夫士大夫士大夫稍等士大夫公司的分公司的发俄方扼杀的乳房而发扼杀染发二;28sadfasdfAWSEFDSFSDF时发生的访问俄方士大夫士大夫士大夫士大夫稍等士大夫公司的分公司的发俄方扼杀的乳房而发扼杀染发二;28;28;28;28;28;28;28;28;28;28;28;28;28;28;28
29;29sadfasdfAWSEFDSFSDF时发生的访问俄方士大夫士大夫士大夫士大夫稍等士大夫公司的分公司的发俄方扼杀的乳房而发扼杀染发二;29sadfasdfAWSEFDSFSDF时发生的访问俄方士大夫士大夫士大夫士大夫稍等士大夫公司的分公司的发俄方扼杀的乳房而发扼杀染发二;29;29;29;29;29;29;29;29;29;29;29;29;29;29;29
30;30sadfasdfAWSEFDSFSDF时发生的访问俄方士大夫士大夫士大夫士大夫稍等士大夫公司的分公司的发俄方扼杀的乳房而发扼杀染发二;30sadfasdfAWSEFDSFSDF时发生的访问俄方士大夫士大夫士大夫士大夫稍等士大夫公司的分公司的发俄方扼杀的乳房而发扼杀染发二;30;30;30;30;30;30;30;30;30;30;30;30;30;30;30
31;31sadfasdfAWSEFDSFSDF时发生的访问俄方士大夫士大夫士大夫士大夫稍等士大夫公司的分公司的发俄方扼杀的乳房而发扼杀染发二;31sadfasdfAWSEFDSFSDF时发生的访问俄方士大夫士大夫士大夫士大夫稍等士大夫公司的分公司的发俄方扼杀的乳房而发扼杀染发二;31;31;31;31;31;31;31;31;31;31;31;31;31;31;31
32;32sadfasdfAWSEFDSFSDF时发生的访问俄方士大夫士大夫士大夫士大夫稍等士大夫公司的分公司的发俄方扼杀的乳房而发扼杀染发二;32sadfasdfAWSEFDSFSDF时发生的访问俄方士大夫士大夫士大夫士大夫稍等士大夫公司的分公司的发俄方扼杀的乳房而发扼杀染发二;32;32;32;32;32;32;32;32;32;32;32;32;32;32;32
33;33sadfasdfAWSEFDSFSDF时发生的访问俄方士大夫士大夫士大夫士大夫稍等士大夫公司的分公司的发俄方扼杀的乳房而发扼杀染发二;33sadfasdfAWSEFDSFSDF时发生的访问俄方士大夫士大夫士大夫士大夫稍等士大夫公司的分公司的发俄方扼杀的乳房而发扼杀染发二;33;33;33;33;33;33;33;33;33;33;33;33;33;33;33
34;34sadfasdfAWSEFDSFSDF时发生的访问俄方士大夫士大夫士大夫士大夫稍等士大夫公司的分公司的发俄方扼杀的乳房而发扼杀染发二;34sadfasdfAWSEFDSFSDF时发生的访问俄方士大夫士大夫士大夫士大夫稍等士大夫公司的分公司的发俄方扼杀的乳房而发扼杀染发二;34;34;34;34;34;34;34;34;34;34;34;34;34;34;34
35;35sadfasdfAWSEFDSFSDF时发生的访问俄方士大夫士大夫士大夫士大夫稍等士大夫公司的分公司的发俄方扼杀的乳房而发扼杀染发二;35sadfasdfAWSEFDSFSDF时发生的访问俄方士大夫士大夫士大夫士大夫稍等士大夫公司的分公司的发俄方扼杀的乳房而发扼杀染发二;35;35;35;35;35;35;35;35;35;35;35;35;35;35;35
36;36sadfasdfAWSEFDSFSDF时发生的访问俄方士大夫士大夫士大夫士大夫稍等士大夫公司的分公司的发俄方扼杀的乳房而发扼杀染发二;36sadfasdfAWSEFDSFSDF时发生的访问俄方士大夫士大夫士大夫士大夫稍等士大夫公司的分公司的发俄方扼杀的乳房而发扼杀染发二;36;36;36;36;36;36;36;36;36;36;36;36;36;36;36
37;37sadfasdfAWSEFDSFSDF时发生的访问俄方士大夫士大夫士大夫士大夫稍等士大夫公司的分公司的发俄方扼杀的乳房而发扼杀染发二;37sadfasdfAWSEFDSFSDF时发生的访问俄方士大夫士大夫士大夫士大夫稍等士大夫公司的分公司的发俄方扼杀的乳房而发扼杀染发二;37;37;37;37;37;37;37;37;37;37;37;37;37;37;37
38;38sadfasdfAWSEFDSFSDF时发生的访问俄方士大夫士大夫士大夫士大夫稍等士大夫公司的分公司的发俄方扼杀的乳房而发扼杀染发二;38sadfasdfAWSEFDSFSDF时发生的访问俄方士大夫士大夫士大夫士大夫稍等士大夫公司的分公司的发俄方扼杀的乳房而发扼杀染发二;38;38;38;38;38;38;38;38;38;38;38;38;38;38;38
39;39sadfasdfAWSEFDSFSDF时发生的访问俄方士大夫士大夫士大夫士大夫稍等士大夫公司的分公司的发俄方扼杀的乳房而发扼杀染发二;39sadfasdfAWSEFDSFSDF时发生的访问俄方士大夫士大夫士大夫士大夫稍等士大夫公司的分公司的发俄方扼杀的乳房而发扼杀染发二;39;39;39;39;39;39;39;39;39;39;39;39;39;39;39
40;40sadfasdfAWSEFDSFSDF时发生的访问俄方士大夫士大夫士大夫士大夫稍等士大夫公司的分公司的发俄方扼杀的乳房而发扼杀染发二;40sadfasdfAWSEFDSFSDF时发生的访问俄方士大夫士大夫士大夫士大夫稍等士大夫公司的分公司的发俄方扼杀的乳房而发扼杀染发二;40;40;40;40;40;40;40;40;40;40;40;40;40;40;40
41;41sadfasdfAWSEFDSFSDF时发生的访问俄方士大夫士大夫士大夫士大夫稍等士大夫公司的分公司的发俄方扼杀的乳房而发扼杀染发二;41sadfasdfAWSEFDSFSDF时发生的访问俄方士大夫士大夫士大夫士大夫稍等士大夫公司的分公司的发俄方扼杀的乳房而发扼杀染发二;41;41;41;41;41;41;41;41;41;41;41;41;41;41;41
42;42sadfasdfAWSEFDSFSDF时发生的访问俄方士大夫士大夫士大夫士大夫稍等士大夫公司的分公司的发俄方扼杀的乳房而发扼杀染发二;42sadfasdfAWSEFDSFSDF时发生的访问俄方士大夫士大夫士大夫士大夫稍等士大夫公司的分公司的发俄方扼杀的乳房而发扼杀染发二;42;42;42;42;42;42;42;42;42;42;42;42;42;42;42
43;43sadfasdfAWSEFDSFSDF时发生的访问俄方士大夫士大夫士大夫士大夫稍等士大夫公司的分公司的发俄方扼杀的乳房而发扼杀染发二;43sadfasdfAWSEFDSFSDF时发生的访问俄方士大夫士大夫士大夫士大夫稍等士大夫公司的分公司的发俄方扼杀的乳房而发扼杀染发二;43;43;43;43;43;43;43;43;43;43;43;43;43;43;43
44;44sadfasdfAWSEFDSFSDF时发生的访问俄方士大夫士大夫士大夫士大夫稍等士大夫公司的分公司的发俄方扼杀的乳房而发扼杀染发二;44sadfasdfAWSEFDSFSDF时发生的访问俄方士大夫士大夫士大夫士大夫稍等士大夫公司的分公司的发俄方扼杀的乳房而发扼杀染发二;44;44;44;44;44;44;44;44;44;44;44;44;44;44;44
45;45sadfasdfAWSEFDSFSDF时发生的访问俄方士大夫士大夫士大夫士大夫稍等士大夫公司的分公司的发俄方扼杀的乳房而发扼杀染发二;45sadfasdfAWSEFDSFSDF时发生的访问俄方士大夫士大夫士大夫士大夫稍等士大夫公司的分公司的发俄方扼杀的乳房而发扼杀染发二;45;45;45;45;45;45;45;45;45;45;45;45;45;45;45
46;46sadfasdfAWSEFDSFSDF时发生的访问俄方士大夫士大夫士大夫士大夫稍等士大夫公司的分公司的发俄方扼杀的乳房而发扼杀染发二;46sadfasdfAWSEFDSFSDF时发生的访问俄方士大夫士大夫士大夫士大夫稍等士大夫公司的分公司的发俄方扼杀的乳房而发扼杀染发二;46;46;46;46;46;46;46;46;46;46;46;46;46;46;46
47;47sadfasdfAWSEFDSFSDF时发生的访问俄方士大夫士大夫士大夫士大夫稍等士大夫公司的分公司的发俄方扼杀的乳房而发扼杀染发二;47sadfasdfAWSEFDSFSDF时发生的访问俄方士大夫士大夫士大夫士大夫稍等士大夫公司的分公司的发俄方扼杀的乳房而发扼杀染发二;47;47;47;47;47;47;47;47;47;47;47;47;47;47;47
48;48sadfasdfAWSEFDSFSDF时发生的访问俄方士大夫士大夫士大夫士大夫稍等士大夫公司的分公司的发俄方扼杀的乳房而发扼杀染发二;48sadfasdfAWSEFDSFSDF时发生的访问俄方士大夫士大夫士大夫士大夫稍等士大夫公司的分公司的发俄方扼杀的乳房而发扼杀染发二;48;48;48;48;48;48;48;48;48;48;48;48;48;48;48
49;49sadfasdfAWSEFDSFSDF时发生的访问俄方士大夫士大夫士大夫士大夫稍等士大夫公司的分公司的发俄方扼杀的乳房而发扼杀染发二;49sadfasdfAWSEFDSFSDF时发生的访问俄方士大夫士大夫士大夫士大夫稍等士大夫公司的分公司的发俄方扼杀的乳房而发扼杀染发二;49;49;49;49;49;49;49;49;49;49;49;49;49;49;49
50;50sadfasdfAWSEFDSFSDF时发生的访问俄方士大夫士大夫士大夫士大夫稍等士大夫公司的分公司的发俄方扼杀的乳房而发扼杀染发二;50sadfasdfAWSEFDSFSDF时发生的访问俄方士大夫士大夫士大夫士大夫稍等士大夫公司的分公司的发俄方扼杀的乳房而发扼杀染发二;50;50;50;50;50;50;50;50;50;50;50;50;50;50;50
51;51sadfasdfAWSEFDSFSDF时发生的访问俄方士大夫士大夫士大夫士大夫稍等士大夫公司的分公司的发俄方扼杀的乳房而发扼杀染发二;51sadfasdfAWSEFDSFSDF时发生的访问俄方士大夫士大夫士大夫士大夫稍等士大夫公司的分公司的发俄方扼杀的乳房而发扼杀染发二;51;51;51;51;51;51;51;51;51;51;51;51;51;51;51
52;52sadfasdfAWSEFDSFSDF时发生的访问俄方士大夫士大夫士大夫士大夫稍等士大夫公司的分公司的发俄方扼杀的乳房而发扼杀染发二;52sadfasdfAWSEFDSFSDF时发生的访问俄方士大夫士大夫士大夫士大夫稍等士大夫公司的分公司的发俄方扼杀的乳房而发扼杀染发二;52;52;52;52;52;52;52;52;52;52;52;52;52;52;52
53;53sadfasdfAWSEFDSFSDF时发生的访问俄方士大夫士大夫士大夫士大夫稍等士大夫公司的分公司的发俄方扼杀的乳房而发扼杀染发二;53sadfasdfAWSEFDSFSDF时发生的访问俄方士大夫士大夫士大夫士大夫稍等士大夫公司的分公司的发俄方扼杀的乳房而发扼杀染发二;53;53;53;53;53;53;53;53;53;53;53;53;53;53;53
54;54sadfasdfAWSEFDSFSDF时发生的访问俄方士大夫士大夫士大夫士大夫稍等士大夫公司的分公司的发俄方扼杀的乳房而发扼杀染发二;54sadfasdfAWSEFDSFSDF时发生的访问俄方士大夫士大夫士大夫士大夫稍等士大夫公司的分公司的发俄方扼杀的乳房而发扼杀染发二;54;54;54;54;54;54;54;54;54;54;54;54;54;54;54
55;55sadfasdfAWSEFDSFSDF时发生的访问俄方士大夫士大夫士大夫士大夫稍等士大夫公司的分公司的发俄方扼杀的乳房而发扼杀染发二;55sadfasdfAWSEFDSFSDF时发生的访问俄方士大夫士大夫士大夫士大夫稍等士大夫公司的分公司的发俄方扼杀的乳房而发扼杀染发二;55;55;55;55;55;55;55;55;55;55;55;55;55;55;55
56;56sadfasdfAWSEFDSFSDF时发生的访问俄方士大夫士大夫士大夫士大夫稍等士大夫公司的分公司的发俄方扼杀的乳房而发扼杀染发二;56sadfasdfAWSEFDSFSDF时发生的访问俄方士大夫士大夫士大夫士大夫稍等士大夫公司的分公司的发俄方扼杀的乳房而发扼杀染发二;56;56;56;56;56;56;56;56;56;56;56;56;56;56;56
57;57sadfasdfAWSEFDSFSDF时发生的访问俄方士大夫士大夫士大夫士大夫稍等士大夫公司的分公司的发俄方扼杀的乳房而发扼杀染发二;57sadfasdfAWSEFDSFSDF时发生的访问俄方士大夫士大夫士大夫士大夫稍等士大夫公司的分公司的发俄方扼杀的乳房而发扼杀染发二;57;57;57;57;57;57;57;57;57;57;57;57;57;57;57
58;58sadfasdfAWSEFDSFSDF时发生的访问俄方士大夫士大夫士大夫士大夫稍等士大夫公司的分公司的发俄方扼杀的乳房而发扼杀染发二;58sadfasdfAWSEFDSFSDF时发生的访问俄方士大夫士大夫士大夫士大夫稍等士大夫公司的分公司的发俄方扼杀的乳房而发扼杀染发二;58;58;58;58;58;58;58;58;58;58;58;58;58;58;58
59;59sadfasdfAWSEFDSFSDF时发生的访问俄方士大夫士大夫士大夫士大夫稍等士大夫公司的分公司的发俄方扼杀的乳房而发扼杀染发二;59sadfasdfAWSEFDSFSDF时发生的访问俄方士大夫士大夫士大夫士大夫稍等士大夫公司的分公司的发俄方扼杀的乳房而发扼杀染发二;59;59;59;59;59;59;59;59;59;59;59;59;59;59;59
60;60sadfasdfAWSEFDSFSDF时发生的访问俄方士大夫士大夫士大夫士大夫稍等士大夫公司的分公司的发俄方扼杀的乳房而发扼杀染发二;60sadfasdfAWSEFDSFSDF时发生的访问俄方士大夫士大夫士大夫士大夫稍等士大夫公司的分公司的发俄方扼杀的乳房而发扼杀染发二;60;60;60;60;60;60;60;60;60;60;60;60;60;60;60
61;61sadfasdfAWSEFDSFSDF时发生的访问俄方士大夫士大夫士大夫士大夫稍等士大夫公司的分公司的发俄方扼杀的乳房而发扼杀染发二;61sadfasdfAWSEFDSFSDF时发生的访问俄方士大夫士大夫士大夫士大夫稍等士大夫公司的分公司的发俄方扼杀的乳房而发扼杀染发二;61;61;61;61;61;61;61;61;61;61;61;61;61;61;61
62;62sadfasdfAWSEFDSFSDF时发生的访问俄方士大夫士大夫士大夫士大夫稍等士大夫公司的分公司的发俄方扼杀的乳房而发扼杀染发二;62sadfasdfAWSEFDSFSDF时发生的访问俄方士大夫士大夫士大夫士大夫稍等士大夫公司的分公司的发俄方扼杀的乳房而发扼杀染发二;62;62;62;62;62;62;62;62;62;62;62;62;62;62;62
63;63sadfasdfAWSEFDSFSDF时发生的访问俄方士大夫士大夫士大夫士大夫稍等士大夫公司的分公司的发俄方扼杀的乳房而发扼杀染发二;63sadfasdfAWSEFDSFSDF时发生的访问俄方士大夫士大夫士大夫士大夫稍等士大夫公司的分公司的发俄方扼杀的乳房而发扼杀染发二;63;63;63;63;63;63;63;63;63;63;63;63;63;63;63
64;64sadfasdfAWSEFDSFSDF时发生的访问俄方士大夫士大夫士大夫士大夫稍等士大夫公司的分公司的发俄方扼杀的乳房而发扼杀染发二;64sadfasdfAWSEFDSFSDF时发生的访问俄方士大夫士大夫士大夫士大夫稍等士大夫公司的分公司的发俄方扼杀的乳房而发扼杀染发二;64;64;64;64;64;64;64;64;64;64;64;64;64;64;64
65;65sadfasdfAWSEFDSFSDF时发生的访问俄方士大夫士大夫士大夫士大夫稍等士大夫公司的分公司的发俄方扼杀的乳房而发扼杀染发二;65sadfasdfAWSEFDSFSDF时发生的访问俄方士大夫士大夫士大夫士大夫稍等士大夫公司的分公司的发俄方扼杀的乳房而发扼杀染发二;65;65;65;65;65;65;65;65;65;65;65;65;65;65;65
66;66sadfasdfAWSEFDSFSDF时发生的访问俄方士大夫士大夫士大夫士大夫稍等士大夫公司的分公司的发俄方扼杀的乳房而发扼杀染发二;66sadfasdfAWSEFDSFSDF时发生的访问俄方士大夫士大夫士大夫士大夫稍等士大夫公司的分公司的发俄方扼杀的乳房而发扼杀染发二;66;66;66;66;66;66;66;66;66;66;66;66;66;66;66
67;67sadfasdfAWSEFDSFSDF时发生的访问俄方士大夫士大夫士大夫士大夫稍等士大夫公司的分公司的发俄方扼杀的乳房而发扼杀染发二;67sadfasdfAWSEFDSFSDF时发生的访问俄方士大夫士大夫士大夫士大夫稍等士大夫公司的分公司的发俄方扼杀的乳房而发扼杀染发二;67;67;67;67;67;67;67;67;67;67;67;67;67;67;67
68;68sadfasdfAWSEFDSFSDF时发生的访问俄方士大夫士大夫士大夫士大夫稍等士大夫公司的分公司的发俄方扼杀的乳房而发扼杀染发二;68sadfasdfAWSEFDSFSDF时发生的访问俄方士大夫士大夫士大夫士大夫稍等士大夫公司的分公司的发俄方扼杀的乳房而发扼杀染发二;68;68;68;68;68;68;68;68;68;68;68;68;68;68;68
69;69sadfasdfAWSEFDSFSDF时发生的访问俄方士大夫士大夫士大夫士大夫稍等士大夫公司的分公司的发俄方扼杀的乳房而发扼杀染发二;69sadfasdfAWSEFDSFSDF时发生的访问俄方士大夫士大夫士大夫士大夫稍等士大夫公司的分公司的发俄方扼杀的乳房而发扼杀染发二;69;69;69;69;69;69;69;69;69;69;69;69;69;69;69
70;70sadfasdfAWSEFDSFSDF时发生的访问俄方士大夫士大夫士大夫士大夫稍等士大夫公司的分公司的发俄方扼杀的乳房而发扼杀染发二;70sadfasdfAWSEFDSFSDF时发生的访问俄方士大夫士大夫士大夫士大夫稍等士大夫公司的分公司的发俄方扼杀的乳房而发扼杀染发二;70;70;70;70;70;70;70;70;70;70;70;70;70;70;70
71;71sadfasdfAWSEFDSFSDF时发生的访问俄方士大夫士大夫士大夫士大夫稍等士大夫公司的分公司的发俄方扼杀的乳房而发扼杀染发二;71sadfasdfAWSEFDSFSDF时发生的访问俄方士大夫士大夫士大夫士大夫稍等士大夫公司的分公司的发俄方扼杀的乳房而发扼杀染发二;71;71;71;71;71;71;71;71;71;71;71;71;71;71;71
72;72sadfasdfAWSEFDSFSDF时发生的访问俄方士大夫士大夫士大夫士大夫稍等士大夫公司的分公司的发俄方扼杀的乳房而发扼杀染发二;72sadfasdfAWSEFDSFSDF时发生的访问俄方士大夫士大夫士大夫士大夫稍等士大夫公司的分公司的发俄方扼杀的乳房而发扼杀染发二;72;72;72;72;72;72;72;72;72;72;72;72;72;72;72
73;73sadfasdfAWSEFDSFSDF时发生的访问俄方士大夫士大夫士大夫士大夫稍等士大夫公司的分公司的发俄方扼杀的乳房而发扼杀染发二;73sadfasdfAWSEFDSFSDF时发生的访问俄方士大夫士大夫士大夫士大夫稍等士大夫公司的分公司的发俄方扼杀的乳房而发扼杀染发二;73;73;73;73;73;73;73;73;73;73;73;73;73;73;73
74;74sadfasdfAWSEFDSFSDF时发生的访问俄方士大夫士大夫士大夫士大夫稍等士大夫公司的分公司的发俄方扼杀的乳房而发扼杀染发二;74sadfasdfAWSEFDSFSDF时发生的访问俄方士大夫士大夫士大夫士大夫稍等士大夫公司的分公司的发俄方扼杀的乳房而发扼杀染发二;74;74;74;74;74;74;74;74;74;74;74;74;74;74;74
75;75sadfasdfAWSEFDSFSDF时发生的访问俄方士大夫士大夫士大夫士大夫稍等士大夫公司的分公司的发俄方扼杀的乳房而发扼杀染发二;75sadfasdfAWSEFDSFSDF时发生的访问俄方士大夫士大夫士大夫士大夫稍等士大夫公司的分公司的发俄方扼杀的乳房而发扼杀染发二;75;75;75;75;75;75;75;75;75;75;75;75;75;75;75
76;76sadfasdfAWSEFDSFSDF时发生的访问俄方士大夫士大夫士大夫士大夫稍等士大夫公司的分公司的发俄方扼杀的乳房而发扼杀染发二;76sadfasdfAWSEFDSFSDF时发生的访问俄方士大夫士大夫士大夫士大夫稍等士大夫公司的分公司的发俄方扼杀的乳房而发扼杀染发二;76;76;76;76;76;76;76;76;76;76;76;76;76;76;76
77;77sadfasdfAWSEFDSFSDF时发生的访问俄方士大夫士大夫士大夫士大夫稍等士大夫公司的分公司的发俄方扼杀的乳房而发扼杀染发二;77sadfasdfAWSEFDSFSDF时发生的访问俄方士大夫士大夫士大夫士大夫稍等士大夫公司的分公司的发俄方扼杀的乳房而发扼杀染发二;77;77;77;77;77;77;77;77;77;77;77;77;77;77;77
78;78sadfasdfAWSEFDSFSDF时发生的访问俄方士大夫士大夫士大夫士大夫稍等士大夫公司的分公司的发俄方扼杀的乳房而发扼杀染发二;78sadfasdfAWSEFDSFSDF时发生的访问俄方士大夫士大夫士大夫士大夫稍等士大夫公司的分公司的发俄方扼杀的乳房而发扼杀染发二;78;78;78;78;78;78;78;78;78;78;78;78;78;78;78
79;79sadfasdfAWSEFDSFSDF时发生的访问俄方士大夫士大夫士大夫士大夫稍等士大夫公司的分公司的发俄方扼杀的乳房而发扼杀染发二;79sadfasdfAWSEFDSFSDF时发生的访问俄方士大夫士大夫士大夫士大夫稍等士大夫公司的分公司的发俄方扼杀的乳房而发扼杀染发二;79;79;79;79;79;79;79;79;79;79;79;79;79;79;79
80;80sadfasdfAWSEFDSFSDF时发生的访问俄方士大夫士大夫士大夫士大夫稍等士大夫公司的分公司的发俄方扼杀的乳房而发扼杀染发二;80sadfasdfAWSEFDSFSDF时发生的访问俄方士大夫士大夫士大夫士大夫稍等士大夫公司的分公司的发俄方扼杀的乳房而发扼杀染发二;80;80;80;80;80;80;80;80;80;80;80;80;80;80;80
81;81sadfasdfAWSEFDSFSDF时发生的访问俄方士大夫士大夫士大夫士大夫稍等士大夫公司的分公司的发俄方扼杀的乳房而发扼杀染发二;81sadfasdfAWSEFDSFSDF时发生的访问俄方士大夫士大夫士大夫士大夫稍等士大夫公司的分公司的发俄方扼杀的乳房而发扼杀染发二;81;81;81;81;81;81;81;81;81;81;81;81;81;81;81
82;82sadfasdfAWSEFDSFSDF时发生的访问俄方士大夫士大夫士大夫士大夫稍等士大夫公司的分公司的发俄方扼杀的乳房而发扼杀染发二;82sadfasdfAWSEFDSFSDF时发生的访问俄方士大夫士大夫士大夫士大夫稍等士大夫公司的分公司的发俄方扼杀的乳房而发扼杀染发二;82;82;82;82;82;82;82;82;82;82;82;82;82;82;82
83;83sadfasdfAWSEFDSFSDF时发生的访问俄方士大夫士大夫士大夫士大夫稍等士大夫公司的分公司的发俄方扼杀的乳房而发扼杀染发二;83sadfasdfAWSEFDSFSDF时发生的访问俄方士大夫士大夫士大夫士大夫稍等士大夫公司的分公司的发俄方扼杀的乳房而发扼杀染发二;83;83;83;83;83;83;83;83;83;83;83;83;83;83;83
84;84sadfasdfAWSEFDSFSDF时发生的访问俄方士大夫士大夫士大夫士大夫稍等士大夫公司的分公司的发俄方扼杀的乳房而发扼杀染发二;84sadfasdfAWSEFDSFSDF时发生的访问俄方士大夫士大夫士大夫士大夫稍等士大夫公司的分公司的发俄方扼杀的乳房而发扼杀染发二;84;84;84;84;84;84;84;84;84;84;84;84;84;84;84
85;85sadfasdfAWSEFDSFSDF时发生的访问俄方士大夫士大夫士大夫士大夫稍等士大夫公司的分公司的发俄方扼杀的乳房而发扼杀染发二;85sadfasdfAWSEFDSFSDF时发生的访问俄方士大夫士大夫士大夫士大夫稍等士大夫公司的分公司的发俄方扼杀的乳房而发扼杀染发二;85;85;85;85;85;85;85;85;85;85;85;85;85;85;85
86;86sadfasdfAWSEFDSFSDF时发生的访问俄方士大夫士大夫士大夫士大夫稍等士大夫公司的分公司的发俄方扼杀的乳房而发扼杀染发二;86sadfasdfAWSEFDSFSDF时发生的访问俄方士大夫士大夫士大夫士大夫稍等士大夫公司的分公司的发俄方扼杀的乳房而发扼杀染发二;86;86;86;86;86;86;86;86;86;86;86;86;86;86;86
87;87sadfasdfAWSEFDSFSDF时发生的访问俄方士大夫士大夫士大夫士大夫稍等士大夫公司的分公司的发俄方扼杀的乳房而发扼杀染发二;87sadfasdfAWSEFDSFSDF时发生的访问俄方士大夫士大夫士大夫士大夫稍等士大夫公司的分公司的发俄方扼杀的乳房而发扼杀染发二;87;87;87;87;87;87;87;87;87;87;87;87;87;87;87
88;88sadfasdfAWSEFDSFSDF时发生的访问俄方士大夫士大夫士大夫士大夫稍等士大夫公司的分公司的发俄方扼杀的乳房而发扼杀染发二;88sadfasdfAWSEFDSFSDF时发生的访问俄方士大夫士大夫士大夫士大夫稍等士大夫公司的分公司的发俄方扼杀的乳房而发扼杀染发二;88;88;88;88;88;88;88;88;88;88;88;88;88;88;88
89;89sadfasdfAWSEF